Triplet,Amino acid,Freq
TAA,*,0.48
TAG,*,0.24
TGA,*,0.29
GCT,A,0.38
GCC,A,0.22
GCA,A,0.29
GCG,A,0.11
TGT,C,0.63
TGC,C,0.37
GAT,D,0.65
GAC,D,0.35
GAA,E,0.71
GAG,E,0.29
TTT,F,0.59
TTC,F,0.41
GGT,G,0.47
GGC,G,0.19
GGA,G,0.22
GGG,G,0.12
CAT,H,0.64
CAC,H,0.36
ATT,I,0.46
ATC,I,0.26
ATA,I,0.27
AAA,K,0.58
AAG,K,0.42
TTA,L,0.28
TTG,L,0.29
CTT,L,0.13
CTC,L,0.06
CTA,L,0.14
CTG,L,0.11
ATG,M,1.00
AAT,N,0.59
AAC,N,0.41
CCT,P,0.31
CCC,P,0.15
CCA,P,0.41
CCG,P,0.12
CAA,Q,0.69
CAG,Q,0.31
CGT,R,0.15
CGC,R,0.06
CGA,R,0.07
CGG,R,0.04
AGA,R,0.48
AGG,R,0.21
TCT,S,0.26
TCC,S,0.16
TCA,S,0.21
TCG,S,0.10
AGT,S,0.16
AGC,S,0.11
ACT,T,0.35
ACC,T,0.22
ACA,T,0.30
ACG,T,0.13
GTT,V,0.39
GTC,V,0.21
GTA,V,0.21
GTG,V,0.19
TGG,W,1.00
TAT,Y,0.56
TAC,Y,0.44